{
  "accuracy": 0.7303333333333333,
  "f1_macro": 0.7311694029936607,
  "report": {
    "negative": {
      "precision": 0.7654573326520184,
      "recall": 0.749,
      "f1-score": 0.7571392469042204,
      "support": 2000.0
    },
    "neutral": {
      "precision": 0.6381957773512476,
      "recall": 0.665,
      "f1-score": 0.6513222331047992,
      "support": 2000.0
    },
    "positive": {
      "precision": 0.7932618683001531,
      "recall": 0.777,
      "f1-score": 0.7850467289719626,
      "support": 2000.0
    },
    "accuracy": 0.7303333333333333,
    "macro avg": {
      "precision": 0.7323049927678064,
      "recall": 0.7303333333333334,
      "f1-score": 0.7311694029936607,
      "support": 6000.0
    },
    "weighted avg": {
      "precision": 0.7323049927678064,
      "recall": 0.7303333333333333,
      "f1-score": 0.7311694029936607,
      "support": 6000.0
    }
  }
}