{
  "accuracy": 0.7506666666666667,
  "f1_macro": 0.751627135819586,
  "report": {
    "negative": {
      "precision": 0.7891752577319587,
      "recall": 0.7655,
      "f1-score": 0.7771573604060914,
      "support": 2000.0
    },
    "neutral": {
      "precision": 0.662873399715505,
      "recall": 0.699,
      "f1-score": 0.6804575322462887,
      "support": 2000.0
    },
    "positive": {
      "precision": 0.8072783188108662,
      "recall": 0.7875,
      "f1-score": 0.7972665148063781,
      "support": 2000.0
    },
    "accuracy": 0.7506666666666667,
    "macro avg": {
      "precision": 0.7531089920861099,
      "recall": 0.7506666666666666,
      "f1-score": 0.751627135819586,
      "support": 6000.0
    },
    "weighted avg": {
      "precision": 0.75310899208611,
      "recall": 0.7506666666666667,
      "f1-score": 0.7516271358195861,
      "support": 6000.0
    }
  }
}