{
  "labels_order": [
    "negative",
    "neutral",
    "positive"
  ],
  "valid": {
    "eval_loss": 1.058508276939392,
    "eval_accuracy": 0.45566666666666666,
    "eval_f1_macro": 0.452770956475969,
    "eval_precision_macro": 0.4567736027112142,
    "eval_recall_macro": 0.45566666666666666,
    "eval_runtime": 13.7581,
    "eval_samples_per_second": 218.053,
    "eval_steps_per_second": 27.257,
    "epoch": 3.0
  },
  "test": {
    "eval_loss": 1.064423680305481,
    "eval_accuracy": 0.43666666666666665,
    "eval_f1_macro": 0.43318665586443483,
    "eval_precision_macro": 0.4358062180487308,
    "eval_recall_macro": 0.4366666666666667,
    "eval_runtime": 14.6508,
    "eval_samples_per_second": 204.768,
    "eval_steps_per_second": 25.596,
    "epoch": 3.0
  },
  "classification_report": {
    "negative": {
      "precision": 0.4420289855072464,
      "recall": 0.549,
      "f1-score": 0.4897413024085638,
      "support": 1000.0
    },
    "neutral": {
      "precision": 0.41657077100115075,
      "recall": 0.362,
      "f1-score": 0.3873729266987694,
      "support": 1000.0
    },
    "positive": {
      "precision": 0.44881889763779526,
      "recall": 0.399,
      "f1-score": 0.4224457384859714,
      "support": 1000.0
    },
    "accuracy": 0.43666666666666665,
    "macro avg": {
      "precision": 0.4358062180487308,
      "recall": 0.4366666666666667,
      "f1-score": 0.43318665586443483,
      "support": 3000.0
    },
    "weighted avg": {
      "precision": 0.4358062180487308,
      "recall": 0.43666666666666665,
      "f1-score": 0.43318665586443483,
      "support": 3000.0
    }
  }
}